date,item
2016-04-29T18:38:08Z,inifinix
2016-04-29T16:08:27Z,inifinix
2016-04-29T16:19:04Z,inifinix
2016-04-29T17:29:31Z,iPhone
2016-04-29T16:07:23Z,nokia
2016-04-27T08:36:51Z,nokia
2016-04-27T15:05:12Z,inifinix
2016-04-27T15:39:58Z,iPhone
2016-04-29T08:02:16Z,tecno
2016-04-27T12:48:25Z,tecno
2016-04-27T14:58:11Z,tecno
2016-04-26T08:44:12Z,tecno
2016-04-28T11:33:51Z,tecno
2016-04-28T14:52:07Z,tecno
2016-04-28T10:06:24Z,tecno
2016-04-26T08:47:27Z,iPhone
2016-04-28T08:51:47Z,tecno
2016-04-28T09:28:57Z,tecno
2016-04-26T10:54:18Z,iPhone
2016-04-29T10:43:14Z,iPhone
2016-04-27T07:51:14Z,iPhone
2016-04-27T10:50:45Z,iPhone
2016-04-25T13:29:16Z,iPhone
2016-04-28T10:27:05Z,tecno
2016-04-29T14:19:19Z,tecno
2016-04-26T15:04:17Z,samsung
2016-04-29T14:19:42Z,samsung
2016-04-27T10:51:45Z,samsung
2016-04-29T15:48:02Z,samsung
2016-04-29T15:16:29Z,samsung
2016-04-27T10:24:52Z,samsung
2016-04-27T12:07:14Z,samsung
2016-04-29T07:30:27Z,samsung
2016-04-25T15:01:04Z,samsung
2016-04-29T07:34:30Z,samsung
2016-04-29T07:34:42Z,samsung
2016-04-29T07:35:19Z,samsung
2016-04-29T07:35:56Z,samsung
2016-04-20T15:54:18Z,iPhone
2016-04-29T09:21:13Z,tecno
2016-04-28T14:14:16Z,tecno
2016-04-28T09:20:36Z,tecno
2016-04-28T08:34:54Z,iPhone
2016-04-29T14:02:16Z,iPhone
2016-04-28T13:27:27Z,tecno
2016-04-28T14:11:24Z,tecno
2016-04-25T12:44:36Z,iPhone
2016-04-28T08:51:26Z,iPhone
2016-04-26T07:19:49Z,iPhone
2016-03-31T17:11:17Z,tecno
2016-03-31T17:12:45Z,inifinix
2016-03-31T17:05:31Z,samsung
2016-03-31T17:06:17Z,iPhone
2016-04-29T07:30:31Z,iPhone
2016-04-29T07:46:08Z,blackberry
2016-04-29T07:37:45Z,blackberry
2016-04-19T09:47:43Z,iPhone
2016-04-29T08:03:51Z,iPhone
2016-04-29T07:50:15Z,samsung
2016-04-29T08:08:43Z,samsung
2016-04-27T11:32:14Z,samsung
2016-04-27T08:53:09Z,samsung
2016-04-25T10:01:13Z,samsung
2016-04-27T10:46:12Z,samsung
2016-04-25T13:28:21Z,samsung
2016-04-27T10:48:50Z,samsung
2016-04-29T08:12:27Z,samsung
2016-04-29T08:53:02Z,samsung
2016-04-06T18:00:29Z,samsung
2016-04-06T18:00:51Z,tecno
2016-04-06T17:59:58Z,inifinix
2016-04-06T18:12:55Z,inifinix
2016-04-29T07:37:37Z,inifinix
2016-04-06T18:12:38Z,inifinix
2016-04-18T17:29:12Z,inifinix
2016-04-18T17:32:53Z,inifinix
2016-04-18T17:40:18Z,inifinix
2016-04-29T17:06:27Z,inifinix
2016-04-18T17:52:49Z,inifinix
2016-04-18T17:53:25Z,samsung
2016-04-18T18:03:12Z,iPhone
2016-04-18T18:06:35Z,iPhone
2016-04-29T08:36:19Z,inifinix
2016-04-29T07:20:46Z,inifinix
2016-04-29T07:31:04Z,inifinix
2016-04-26T13:34:14Z,inifinix
2016-04-18T12:31:34Z,inifinix
2016-04-18T12:32:25Z,inifinix
2016-04-18T12:32:35Z,inifinix
2016-04-29T10:37:02Z,inifinix
2016-04-18T12:33:05Z,inifinix
2016-04-19T07:51:31Z,inifinix
2016-04-29T08:11:38Z,inifinix
2016-04-29T09:01:10Z,samsung
2016-04-29T10:03:12Z,inifinix
2016-04-29T10:28:54Z,samsung
2016-04-26T14:28:39Z,samsung
2016-04-11T09:00:00Z,samsung
2016-04-12T09:44:42Z,samsung
2016-04-29T14:38:28Z,samsung
2016-04-12T15:47:45Z,samsung
2016-04-29T17:24:19Z,samsung
2016-04-28T10:21:39Z,samsung
2016-04-29T09:01:27Z,samsung
2016-04-28T08:04:48Z,samsung
2016-04-29T09:02:40Z,samsung
2016-04-29T09:34:00Z,tecno
2016-04-20T13:30:12Z,tecno
2016-04-29T08:28:16Z,tecno
2016-04-12T10:01:23Z,tecno
2016-04-12T15:10:45Z,iPhone
2016-04-12T15:11:24Z,tecno
2016-04-18T11:05:04Z,tecno
2016-04-19T10:55:18Z,tecno
2016-04-15T16:58:02Z,tecno
2016-04-29T13:24:28Z,iPhone
2016-04-12T15:35:30Z,tecno
2016-04-01T14:27:30Z,iPhone
2016-04-01T16:01:28Z,tecno
2016-04-05T16:14:11Z,tecno
2016-04-15T14:54:29Z,iPhone
2016-04-01T16:40:41Z,iPhone
2016-04-29T16:34:59Z,iPhone
2016-04-26T10:12:46Z,iPhone
2016-04-29T15:35:28Z,tecno
2016-04-05T09:09:15Z,samsung
2016-04-28T09:37:22Z,inifinix
2016-04-08T10:14:36Z,inifinix
2016-04-12T09:41:01Z,inifinix
2016-04-08T09:28:50Z,inifinix
2016-04-29T09:42:22Z,inifinix
2016-04-28T17:38:06Z,inifinix
2016-04-08T09:29:23Z,inifinix
2016-04-14T07:07:10Z,inifinix
2016-04-18T14:56:14Z,inifinix
2016-04-08T09:30:58Z,inifinix
2016-04-15T08:45:32Z,inifinix
2016-04-15T09:14:14Z,inifinix
2016-04-19T10:01:47Z,inifinix
2016-04-29T07:41:54Z,inifinix
2016-04-13T16:06:15Z,inifinix
2016-04-14T11:28:31Z,inifinix
2016-04-15T07:56:48Z,samsung
2016-04-29T12:04:30Z,samsung
2016-04-29T11:56:37Z,samsung
2016-04-29T09:17:23Z,samsung
2016-04-29T08:08:45Z,samsung
2016-04-29T08:48:03Z,iPhone
2016-04-29T13:42:52Z,iPhone
2016-04-29T13:43:19Z,iPhone
2016-04-29T13:43:34Z,iPhone
2016-04-29T15:18:57Z,iPhone
2016-04-27T13:46:37Z,iPhone
2016-04-28T16:38:34Z,iPhone
2016-04-28T16:38:34Z,iPhone
2016-04-28T10:32:39Z,iPhone
2016-04-28T10:34:34Z,iPhone
2016-04-28T10:36:10Z,iPhone
2016-04-12T14:51:09Z,iPhone
2016-04-06T13:42:36Z,iPhone
2016-04-08T14:10:06Z,iPhone
2016-04-05T10:37:03Z,iPhone
2016-04-06T14:14:15Z,iPhone
2016-04-01T10:48:14Z,iPhone
2016-04-26T08:13:18Z,iPhone
2016-04-08T13:45:15Z,iPhone
2016-04-07T14:38:22Z,iPhone
2016-04-05T14:31:03Z,iPhone
2016-04-19T14:00:48Z,iPhone
2016-04-05T13:18:41Z,iPhone
2016-04-15T07:42:15Z,iPhone
2016-04-01T10:20:20Z,iPhone
2016-04-01T10:46:43Z,tecno
2016-04-18T19:22:25Z,iPhone
2016-04-01T10:24:49Z,iPhone
2016-04-18T19:23:48Z,iPhone
2016-04-18T19:25:38Z,iPhone
2016-03-17T10:33:33Z,iPhone
2016-04-01T10:56:56Z,inifinix
2016-04-01T11:44:59Z,inifinix
2016-04-01T09:50:12Z,inifinix
2016-04-29T08:44:52Z,inifinix
2016-04-01T09:50:48Z,inifinix
2016-03-30T07:32:47Z,iPhone
2016-03-29T10:37:48Z,iPhone
2016-03-29T12:27:35Z,iPhone
2016-04-15T09:02:16Z,iPhone
2016-04-29T11:44:24Z,inifinix
2016-04-29T11:44:49Z,inifinix
2016-04-29T10:56:26Z,inifinix
2016-04-29T10:56:40Z,inifinix
2016-04-29T10:56:53Z,inifinix
2016-04-29T10:57:14Z,inifinix
2016-03-31T11:14:57Z,inifinix
2016-04-01T15:17:10Z,samsung
2016-04-29T16:40:57Z,samsung
2016-04-29T14:56:15Z,samsung
2016-04-29T13:33:21Z,samsung
2016-04-29T12:14:05Z,samsung
2016-04-29T09:54:38Z,samsung
2016-04-29T09:51:36Z,samsung
2016-04-29T09:08:47Z,samsung
2016-04-29T09:08:38Z,samsung
2016-04-28T16:28:00Z,samsung
2016-04-29T18:39:57Z,samsung
2016-04-29T18:26:08Z,samsung
2016-04-27T19:08:40Z,samsung
2016-04-29T16:49:22Z,samsung
2016-04-28T16:13:56Z,samsung
2016-04-26T18:57:07Z,samsung
2016-04-26T17:45:31Z,inifinix
2016-04-27T18:03:02Z,samsung
2016-04-29T14:59:38Z,samsung
2016-04-29T10:20:34Z,samsung
2016-04-28T08:54:18Z,samsung
2016-04-28T13:52:37Z,samsung
2016-04-20T10:49:14Z,samsung
2016-04-07T10:15:58Z,inifinix
2016-04-08T07:21:44Z,inifinix
2016-04-08T07:30:25Z,inifinix
2016-04-29T08:24:02Z,samsung
2016-04-29T09:58:38Z,samsung
2016-04-29T08:23:04Z,samsung
2016-04-29T08:44:29Z,samsung
2016-04-29T08:16:03Z,samsung
2016-04-29T08:10:50Z,iPhone
2016-04-07T16:37:27Z,iPhone
2016-04-07T09:54:55Z,nokia
2016-04-29T08:05:16Z,iPhone
2016-04-29T07:26:01Z,inifinix
2016-04-12T10:59:06Z,inifinix
2016-04-29T09:12:35Z,inifinix
2016-04-29T09:52:34Z,inifinix
2016-04-29T10:35:18Z,inifinix
2016-04-26T12:03:59Z,nokia
2016-04-26T12:04:27Z,nokia
2016-04-29T13:31:00Z,nokia
2016-04-26T13:23:55Z,nokia
2016-04-26T13:06:57Z,nokia
2016-04-25T10:50:32Z,inifinix
2016-04-28T15:48:02Z,inifinix
2016-04-29T10:39:36Z,inifinix
2016-04-29T08:50:40Z,inifinix
2016-04-29T08:49:15Z,inifinix
2016-04-29T07:12:30Z,inifinix
2016-03-18T12:59:17Z,nokia
2016-03-18T12:58:55Z,iPhone
2016-03-18T13:01:08Z,iPhone
2016-03-18T12:58:14Z,iPhone
2016-04-26T09:52:42Z,iPhone
2016-04-29T10:13:35Z,nokia
2016-04-29T10:13:22Z,samsung
2016-04-27T14:18:49Z,samsung
2016-04-26T15:14:59Z,samsung
2016-04-26T15:14:08Z,tecno
2016-04-26T14:21:57Z,tecno
2016-04-27T14:19:02Z,tecno
2016-04-18T08:29:14Z,tecno
2016-04-20T07:44:58Z,tecno
2016-04-18T11:31:37Z,iPhone
2016-04-26T09:45:08Z,tecno
2016-04-29T07:17:23Z,tecno
2016-04-29T07:35:25Z,iPhone
2016-04-29T08:05:40Z,tecno
2016-04-29T08:10:38Z,tecno
2016-04-29T08:49:34Z,iPhone
2016-04-29T08:50:09Z,iPhone
2016-04-29T09:29:55Z,tecno
2016-04-29T10:47:09Z,iPhone
2016-04-29T12:13:58Z,iPhone
2016-04-26T09:08:53Z,iPhone
2016-04-25T07:58:09Z,inifinix
2016-04-18T10:12:57Z,inifinix
2016-04-25T07:59:21Z,inifinix
2016-04-29T12:16:28Z,inifinix
2016-04-29T12:15:33Z,nokia
2016-04-29T12:47:35Z,iPhone
2016-04-29T13:11:41Z,iPhone
2016-04-29T12:14:41Z,iPhone
2016-04-29T07:59:32Z,iPhone
2016-04-29T10:08:02Z,nokia
2016-04-29T10:35:49Z,samsung
2016-04-05T07:39:33Z,samsung
2016-03-28T08:37:23Z,samsung
2016-03-29T09:28:01Z,tecno
2016-03-04T09:51:43Z,tecno
2016-03-15T13:11:49Z,tecno
2016-03-31T12:39:06Z,iPhone
2016-03-31T12:39:06Z,iPhone
2016-04-11T09:50:19Z,iPhone
2016-04-11T09:50:18Z,iPhone
2016-04-29T16:17:16Z,tecno
2016-04-29T17:06:22Z,samsung
2016-04-29T07:24:33Z,inifinix
2016-03-14T11:18:07Z,inifinix
2016-03-15T10:57:15Z,inifinix
2016-04-29T10:08:47Z,inifinix
2016-04-25T14:39:05Z,inifinix
2016-03-15T16:51:57Z,inifinix
2016-04-26T07:34:07Z,inifinix
2016-04-29T13:45:04Z,inifinix
2016-04-29T07:40:37Z,inifinix
2016-04-29T07:39:35Z,inifinix
2016-04-29T07:33:39Z,inifinix
2016-04-29T07:45:07Z,inifinix
2016-04-29T07:49:54Z,inifinix
2016-04-29T07:58:15Z,inifinix
2016-04-29T07:50:24Z,inifinix
2016-04-29T08:19:56Z,inifinix
2016-04-29T08:30:30Z,samsung
2016-04-29T08:40:58Z,samsung
2016-04-29T08:37:25Z,samsung
2016-04-29T08:47:30Z,samsung
2016-04-14T10:01:08Z,samsung
2016-04-28T15:57:29Z,iPhone
2016-04-29T09:09:47Z,iPhone
2016-04-14T10:01:09Z,iPhone
2016-04-29T14:54:41Z,iPhone
2016-04-29T13:09:13Z,iPhone
2016-04-20T15:06:30Z,itel
2016-04-25T15:47:42Z,itel
2016-03-30T10:32:48Z,itel
2016-03-30T10:32:03Z,itel
2016-03-31T08:01:48Z,itel
2016-04-28T17:33:06Z,itel
2016-03-31T08:01:47Z,iPhone
2016-03-29T17:22:54Z,iPhone
2016-03-29T17:22:41Z,iPhone
2016-04-20T08:57:33Z,iPhone
2016-04-29T09:08:30Z,iPhone
2016-04-20T07:38:50Z,iPhone
2016-04-29T09:21:30Z,iPhone
2016-03-17T17:26:01Z,iPhone
2016-03-18T09:42:18Z,iPhone
2016-03-17T14:38:45Z,iPhone
2016-04-25T13:31:02Z,iPhone
2016-03-18T14:47:16Z,iPhone
2016-04-29T15:35:05Z,iPhone
2016-03-18T10:07:49Z,iPhone
2016-03-18T10:08:01Z,tecno
2016-03-18T10:01:46Z,iPhone
2016-04-29T15:49:30Z,iPhone
2016-03-18T09:57:33Z,iPhone
2016-04-29T08:04:32Z,iPhone
2016-04-29T07:59:32Z,iPhone
2016-03-18T08:36:06Z,inifinix
2016-03-21T09:22:45Z,inifinix
2016-03-21T09:47:01Z,inifinix
2016-03-21T10:17:26Z,inifinix
2016-04-29T09:22:08Z,inifinix
2016-03-21T10:17:10Z,iPhone
2016-04-29T09:46:57Z,iPhone
2016-03-21T10:01:59Z,iPhone
2016-03-21T08:57:41Z,iPhone
2016-03-21T09:28:12Z,inifinix
2016-03-21T09:27:57Z,inifinix
2016-04-29T08:40:55Z,inifinix
2016-04-29T08:39:25Z,inifinix
2016-03-31T10:07:18Z,inifinix
2016-04-06T14:20:30Z,inifinix
2016-03-31T10:13:35Z,inifinix
2016-03-31T10:09:41Z,itel
2016-04-12T17:12:17Z,itel
2016-04-12T17:12:17Z,itel
2016-04-19T13:47:43Z,itel
2016-03-31T10:08:16Z,samsung
2016-03-31T10:14:54Z,samsung
2016-04-25T09:11:02Z,samsung
2016-04-29T09:43:15Z,samsung
2016-04-29T09:43:15Z,samsung
2016-04-19T11:16:27Z,samsung
2016-04-19T11:16:27Z,samsung
2016-04-25T10:06:33Z,samsung
2016-04-25T10:06:33Z,samsung
2016-04-25T09:11:02Z,samsung
2016-04-01T09:14:09Z,samsung
2016-03-31T10:42:43Z,samsung
2016-03-29T14:39:32Z,inifinix
2016-04-05T16:53:59Z,samsung
2016-04-05T16:53:46Z,samsung
2016-04-05T15:58:23Z,samsung
2016-04-07T10:19:49Z,samsung
2016-04-28T08:24:05Z,samsung
2016-04-29T15:25:00Z,samsung
2016-04-29T09:02:02Z,inifinix
2016-04-29T11:03:03Z,inifinix
2016-04-29T11:19:16Z,inifinix
2016-03-23T19:04:55Z,samsung
2016-03-28T13:38:00Z,samsung
2016-03-23T18:57:43Z,samsung
2016-03-28T13:52:35Z,samsung
2016-03-23T19:09:37Z,samsung
2016-03-23T18:52:17Z,iPhone
2016-03-23T18:45:58Z,iPhone
2016-03-28T13:43:34Z,nokia
2016-03-23T18:40:28Z,iPhone
2016-04-27T09:11:23Z,inifinix
2016-04-29T09:02:30Z,inifinix
2016-04-28T16:52:04Z,inifinix
2016-04-29T09:37:29Z,inifinix
2016-04-27T09:22:00Z,inifinix
2016-03-23T14:10:28Z,inifinix
2016-04-26T16:23:49Z,iPhone
2016-04-29T10:13:19Z,nokia
2016-04-29T10:57:42Z,nokia
2016-03-23T14:15:12Z,inifinix
2016-03-23T14:07:09Z,iPhone
2016-03-23T16:50:32Z,tecno
2016-04-29T10:56:13Z,tecno
2016-03-23T16:51:54Z,tecno
2016-03-23T14:21:29Z,tecno
2016-03-23T14:21:43Z,tecno
2016-03-23T14:11:27Z,tecno
2016-04-29T16:48:41Z,tecno
2016-04-15T16:07:02Z,iPhone
2016-04-19T14:02:07Z,tecno
2016-03-21T15:22:03Z,tecno
2016-03-21T15:22:17Z,iPhone
2016-03-21T15:22:33Z,iPhone
2016-04-29T09:32:22Z,iPhone
2016-03-22T07:59:06Z,iPhone
2016-03-22T08:18:09Z,iPhone
2016-03-22T13:38:37Z,tecno
2016-03-22T14:36:12Z,tecno
2016-04-15T10:17:51Z,samsung
2016-03-16T14:34:20Z,samsung
2016-03-16T14:34:20Z,samsung
2016-03-22T07:46:46Z,samsung
2016-03-22T08:28:21Z,samsung
2016-04-27T12:29:25Z,samsung
2016-04-28T08:23:20Z,samsung
2016-04-28T11:53:49Z,samsung
2016-04-28T11:52:53Z,samsung
2016-04-29T13:06:22Z,samsung
2016-03-31T15:01:12Z,samsung
2016-04-29T12:59:17Z,samsung
2016-04-29T09:47:49Z,samsung
2016-04-29T11:29:50Z,iPhone
2016-04-27T08:54:36Z,tecno
2016-04-27T07:46:05Z,tecno
2016-04-29T09:09:55Z,tecno
2016-04-29T09:09:31Z,iPhone
2016-04-25T12:06:03Z,iPhone
2016-04-20T17:44:53Z,tecno
2016-04-15T14:22:02Z,tecno
2016-04-14T11:01:47Z,iPhone
2016-04-08T14:13:23Z,iPhone
2016-04-08T10:58:48Z,iPhone
2016-04-11T08:06:06Z,tecno
2016-04-29T16:07:41Z,inifinix
2016-04-29T16:03:44Z,samsung
2016-04-01T15:48:20Z,iPhone
2016-04-29T16:04:19Z,iPhone
2016-04-29T16:04:33Z,blackberry
2016-04-29T16:05:37Z,blackberry
2016-04-29T16:04:50Z,iPhone
2016-04-29T13:43:25Z,iPhone
2016-04-18T11:01:53Z,samsung
2016-04-26T08:52:18Z,samsung
2016-04-29T10:00:22Z,samsung
2016-04-29T10:36:20Z,samsung
2016-04-29T10:01:27Z,samsung
2016-04-29T09:10:19Z,samsung
2016-04-28T09:58:32Z,samsung
2016-04-25T15:13:27Z,samsung
2016-04-27T13:16:02Z,samsung
2016-04-27T13:16:02Z,samsung
2016-03-17T09:03:38Z,samsung
2016-04-29T08:10:33Z,tecno
2016-04-12T09:43:39Z,inifinix
2016-04-12T09:44:02Z,inifinix
2016-04-29T07:23:13Z,inifinix
2016-04-14T11:12:51Z,inifinix
2016-04-12T15:29:42Z,inifinix
2016-04-11T15:47:29Z,inifinix
2016-03-10T09:51:27Z,inifinix
2016-02-29T13:35:52Z,inifinix
2016-04-08T08:52:00Z,inifinix
2016-04-28T07:33:22Z,samsung
2016-03-14T15:21:42Z,iPhone
2016-04-29T07:20:16Z,iPhone
2016-04-29T07:21:28Z,motorolla
2016-04-18T15:04:23Z,motorolla
2016-03-18T07:40:12Z,motorolla
2016-03-15T15:33:17Z,motorolla
2016-03-15T14:32:16Z,motorolla
2016-03-15T14:32:30Z,motorolla
2016-04-28T10:47:24Z,motorolla
2016-04-29T09:51:56Z,motorolla
2016-04-29T09:55:59Z,inifinix
2016-04-25T12:37:42Z,inifinix
2016-04-27T11:00:10Z,inifinix
2016-04-28T10:24:19Z,samsung
2016-04-29T08:44:51Z,inifinix
2016-04-18T10:26:11Z,samsung
2016-04-27T08:03:55Z,samsung
2016-03-16T11:05:43Z,samsung
2016-03-17T10:13:38Z,samsung
2016-03-17T10:21:08Z,samsung
2016-03-17T11:09:11Z,samsung
2016-03-17T11:09:11Z,samsung
2016-03-17T10:13:38Z,samsung
